UID,Failure,Site,Range,Categorization,Prior Cat,Best Effort,Screenshot 1,Screenshot 2,XPath 1,XPath 2,Rect 1 (X*Y*H*W),Rect 2 (X*Y*H*W),Runtime Millisec
1,small-range,EatThisMuch,992px-995px,TP,TP,No,=HYPERLINK("file:///C:/Results/2020-05-29_05-18-32/ID_1-EatThisMuch-small-range-capture-992.pngID_1_small-range_EatThisMuch_992px_995px_TP_0.png"),=HYPERLINK("file:///C:/Results/2020-05-29_05-18-32/ID_1-EatThisMuch-small-range-capture-991.pngID_1_small-range_EatThisMuch_992px_995px_TP_1.png"),/HTML/BODY/DIV[3]/DIV[2]/DIV/DIV[3]/DIV/DIV[5]/DIV/DIV/DIV[12]/DIV[3],/HTML/BODY/DIV[3]/DIV[2]/DIV/DIV[3]/DIV/DIV[5]/DIV/DIV/DIV[12]/DIV[2],(293*2791*40*202),(393*2745*46*336),11779
2,small-range,EatThisMuch,992px-995px,TP,TP,No,=HYPERLINK("file:///C:/Results/2020-05-29_05-18-32/ID_2-EatThisMuch-small-range-capture-992.pngID_2_small-range_EatThisMuch_992px_995px_TP_0.png"),=HYPERLINK("file:///C:/Results/2020-05-29_05-18-32/ID_2-EatThisMuch-small-range-capture-991.pngID_2_small-range_EatThisMuch_992px_995px_TP_1.png"),/HTML/BODY/DIV[3]/DIV[2]/DIV/DIV[3]/DIV/DIV[5]/DIV/DIV/DIV[12],/HTML/BODY/DIV[3]/DIV[2]/DIV/DIV[3]/DIV/DIV[5]/DIV/DIV/DIV[12]/DIV[3],(91*2745*106*808),(293*2791*40*202),3135
3,small-range,EatThisMuch,992px-995px,TP,TP,No,=HYPERLINK("file:///C:/Results/2020-05-29_05-18-32/ID_3-EatThisMuch-small-range-capture-992.pngID_3_small-range_EatThisMuch_992px_995px_TP_0.png"),=HYPERLINK("file:///C:/Results/2020-05-29_05-18-32/ID_3-EatThisMuch-small-range-capture-991.pngID_3_small-range_EatThisMuch_992px_995px_TP_1.png"),/HTML/BODY/DIV[3]/DIV[2]/DIV/DIV[3]/DIV/DIV[5]/DIV/DIV/DIV[12]/DIV[3],/HTML/BODY/DIV[3]/DIV[2]/DIV/DIV[3]/DIV/DIV[5]/DIV/DIV/DIV[12]/DIV,(293*2791*40*202),(91*2745*50*202),1439
4,small-range,Forvo,992px-995px,TP,TP,No,=HYPERLINK("file:///C:/Results/2020-05-29_05-18-32/ID_4-Forvo-small-range-capture-992.pngID_4_small-range_Forvo_992px_995px_TP_0.png"),=HYPERLINK("file:///C:/Results/2020-05-29_05-18-32/ID_4-Forvo-small-range-capture-991.pngID_4_small-range_Forvo_992px_995px_TP_1.png"),/HTML/BODY/DIV/DIV[2]/NAV/UL/LI[5],/HTML/BODY/DIV/DIV[2]/NAV/UL/LI[3],(530*139*50*131),(512*89*50*176),5397
5,small-range,Forvo,992px-995px,FP,FP,No,=HYPERLINK("file:///C:/Results/2020-05-29_05-18-32/ID_5-Forvo-small-range-capture-992.pngID_5_small-range_Forvo_992px_995px_FP_0.png"),=HYPERLINK("file:///C:/Results/2020-05-29_05-18-32/ID_5-Forvo-small-range-capture-991.pngID_5_small-range_Forvo_992px_995px_FP_1.png"),/HTML/BODY/DIV/DIV[2]/NAV/UL,/HTML/BODY/DIV/DIV[2]/NAV/UL/LI[3],(0*89*100*992),(512*89*50*176),1441
6,small-range,Forvo,992px-995px,TP,TP,No,=HYPERLINK("file:///C:/Results/2020-05-29_05-18-32/ID_6-Forvo-small-range-capture-992.pngID_6_small-range_Forvo_992px_995px_TP_0.png"),=HYPERLINK("file:///C:/Results/2020-05-29_05-18-32/ID_6-Forvo-small-range-capture-991.pngID_6_small-range_Forvo_992px_995px_TP_1.png"),/HTML/BODY/DIV/DIV[2]/NAV/UL/LI[5],/HTML/BODY/DIV/DIV[2]/NAV/UL/LI[4],(530*139*50*131),(688*89*50*139),455
7,small-range,Forvo,992px-995px,TP,TP,No,=HYPERLINK("file:///C:/Results/2020-05-29_05-18-32/ID_7-Forvo-small-range-capture-992.pngID_7_small-range_Forvo_992px_995px_TP_0.png"),=HYPERLINK("file:///C:/Results/2020-05-29_05-18-32/ID_7-Forvo-small-range-capture-991.pngID_7_small-range_Forvo_992px_995px_TP_1.png"),/HTML/BODY/DIV/DIV[2]/NAV/UL/LI[5],/HTML/BODY/DIV/DIV[2]/NAV/UL/LI[2],(530*139*50*131),(337*89*50*175),476
8,small-range,Forvo,992px-995px,FP,FP,No,=HYPERLINK("file:///C:/Results/2020-05-29_05-18-32/ID_8-Forvo-small-range-capture-992.pngID_8_small-range_Forvo_992px_995px_FP_0.png"),=HYPERLINK("file:///C:/Results/2020-05-29_05-18-32/ID_8-Forvo-small-range-capture-991.pngID_8_small-range_Forvo_992px_995px_FP_1.png"),/HTML/BODY/DIV/DIV[2]/NAV/UL,/HTML/BODY/DIV/DIV[2]/NAV/UL/LI[4],(0*89*100*992),(688*89*50*139),1447
9,small-range,Forvo,992px-995px,TP,TP,No,=HYPERLINK("file:///C:/Results/2020-05-29_05-18-32/ID_9-Forvo-small-range-capture-992.pngID_9_small-range_Forvo_992px_995px_TP_0.png"),=HYPERLINK("file:///C:/Results/2020-05-29_05-18-32/ID_9-Forvo-small-range-capture-991.pngID_9_small-range_Forvo_992px_995px_TP_1.png"),/HTML/BODY/DIV/DIV[2]/NAV/UL,/HTML/BODY/DIV/DIV[2]/NAV/UL/LI,(0*89*100*992),(163*89*50*173),1454
10,small-range,Forvo,992px-995px,TP,TP,No,=HYPERLINK("file:///C:/Results/2020-05-29_05-18-32/ID_10-Forvo-small-range-capture-992.pngID_10_small-range_Forvo_992px_995px_TP_0.png"),=HYPERLINK("file:///C:/Results/2020-05-29_05-18-32/ID_10-Forvo-small-range-capture-991.pngID_10_small-range_Forvo_992px_995px_TP_1.png"),/HTML/BODY/DIV/DIV[2]/NAV/UL/LI[5],/HTML/BODY/DIV/DIV[2]/NAV/UL/LI,(530*139*50*131),(163*89*50*173),495
11,small-range,Forvo,992px-995px,TP,TP,No,=HYPERLINK("file:///C:/Results/2020-05-29_05-18-32/ID_11-Forvo-small-range-capture-992.pngID_11_small-range_Forvo_992px_995px_TP_0.png"),=HYPERLINK("file:///C:/Results/2020-05-29_05-18-32/ID_11-Forvo-small-range-capture-991.pngID_11_small-range_Forvo_992px_995px_TP_1.png"),/HTML/BODY/DIV/DIV[2]/NAV/UL,/HTML/BODY/DIV/DIV[2]/NAV/UL/LI[5],(0*89*100*992),(530*139*50*131),1361
12,small-range,Forvo,992px-995px,TP,TP,No,=HYPERLINK("file:///C:/Results/2020-05-29_05-18-32/ID_12-Forvo-small-range-capture-992.pngID_12_small-range_Forvo_992px_995px_TP_0.png"),=HYPERLINK("file:///C:/Results/2020-05-29_05-18-32/ID_12-Forvo-small-range-capture-991.pngID_12_small-range_Forvo_992px_995px_TP_1.png"),/HTML/BODY/DIV/DIV[2]/NAV/UL,/HTML/BODY/DIV/DIV[2]/NAV/UL/LI[2],(0*89*100*992),(337*89*50*175),1422
13,small-range,GMapStreetViewPlayer,992px-995px,FP,FP,No,=HYPERLINK("file:///C:/Results/2020-05-29_05-18-32/ID_13-GMapStreetViewPlayer-small-range-capture-992.pngID_13_small-range_GMapStreetViewPlayer_992px_995px_FP_0.png"),=HYPERLINK("file:///C:/Results/2020-05-29_05-18-32/ID_13-GMapStreetViewPlayer-small-range-capture-991.pngID_13_small-range_GMapStreetViewPlayer_992px_995px_FP_1.png"),/HTML/BODY/DIV/DIV/DIV/DIV[2]/DIV[2]/FORM,/HTML/BODY/DIV/DIV/DIV/DIV[2]/DIV[2]/FORM/DIV[5]/DIV/INPUT,(31*798*140*268),(80*848*36*58),3135
14,small-range,GMapStreetViewPlayer,992px-995px,FP,FP,No,=HYPERLINK("file:///C:/Results/2020-05-29_05-18-32/ID_14-GMapStreetViewPlayer-small-range-capture-992.pngID_14_small-range_GMapStreetViewPlayer_992px_995px_FP_0.png"),=HYPERLINK("file:///C:/Results/2020-05-29_05-18-32/ID_14-GMapStreetViewPlayer-small-range-capture-991.pngID_14_small-range_GMapStreetViewPlayer_992px_995px_FP_1.png"),/HTML/BODY/DIV/DIV/DIV/DIV[2]/DIV[2]/FORM/DIV[5]/DIV/INPUT,/HTML/BODY/DIV/DIV/DIV/DIV[2]/DIV[2]/FORM/DIV[3]/DIV/DIV,(80*848*36*58),(80*896*27*218),335
15,small-range,GMapStreetViewPlayer,992px-995px,FP,FP,No,=HYPERLINK("file:///C:/Results/2020-05-29_05-18-32/ID_15-GMapStreetViewPlayer-small-range-capture-992.pngID_15_small-range_GMapStreetViewPlayer_992px_995px_FP_0.png"),=HYPERLINK("file:///C:/Results/2020-05-29_05-18-32/ID_15-GMapStreetViewPlayer-small-range-capture-991.pngID_15_small-range_GMapStreetViewPlayer_992px_995px_FP_1.png"),/HTML/BODY/DIV/DIV/DIV/DIV[2]/DIV[2]/FORM,/HTML/BODY/DIV/DIV/DIV/DIV[2]/DIV[2]/FORM/DIV[2],(31*798*140*268),(16*847*34*298),665
16,small-range,GMapStreetViewPlayer,992px-995px,FP,FP,No,=HYPERLINK("file:///C:/Results/2020-05-29_05-18-32/ID_16-GMapStreetViewPlayer-small-range-capture-992.pngID_16_small-range_GMapStreetViewPlayer_992px_995px_FP_0.png"),=HYPERLINK("file:///C:/Results/2020-05-29_05-18-32/ID_16-GMapStreetViewPlayer-small-range-capture-991.pngID_16_small-range_GMapStreetViewPlayer_992px_995px_FP_1.png"),/HTML/BODY/DIV/DIV/DIV/DIV[2]/DIV[2]/FORM/DIV[5]/DIV/INPUT,/HTML/BODY/DIV/DIV/DIV/DIV[2]/DIV[2]/FORM/DIV[2]/DIV/INPUT,(80*848*36*58),(80*847*34*218),326
17,small-range,HoursOf,992px-995px,FP,FP,No,=HYPERLINK("file:///C:/Results/2020-05-29_05-18-32/ID_17-HoursOf-small-range-capture-992.pngID_17_small-range_HoursOf_992px_995px_FP_0.png"),=HYPERLINK("file:///C:/Results/2020-05-29_05-18-32/ID_17-HoursOf-small-range-capture-991.pngID_17_small-range_HoursOf_992px_995px_FP_1.png"),/HTML/BODY/DIV[2]/SPAN/DIV/DIV/DIV/DIV[2],/HTML/BODY/DIV[2]/SPAN/DIV/DIV/DIV/DIV[2]/A[4]/SPAN/*[local-name() = 'svg'],(371*981*72*250),(531*981*32*32),3748
18,small-range,HoursOf,992px-995px,FP,FP,No,=HYPERLINK("file:///C:/Results/2020-05-29_05-18-32/ID_18-HoursOf-small-range-capture-992.pngID_18_small-range_HoursOf_992px_995px_FP_0.png"),=HYPERLINK("file:///C:/Results/2020-05-29_05-18-32/ID_18-HoursOf-small-range-capture-991.pngID_18_small-range_HoursOf_992px_995px_FP_1.png"),/HTML/BODY/DIV[2],/HTML/BODY/DIV[2]/DIV[4],(26*45*1482*940),(26*747*66*940),4428
19,small-range,HoursOf,992px-995px,FP,FP,No,=HYPERLINK("file:///C:/Results/2020-05-29_05-18-32/ID_19-HoursOf-small-range-capture-992.pngID_19_small-range_HoursOf_992px_995px_FP_0.png"),=HYPERLINK("file:///C:/Results/2020-05-29_05-18-32/ID_19-HoursOf-small-range-capture-991.pngID_19_small-range_HoursOf_992px_995px_FP_1.png"),/HTML/BODY/DIV[2]/SPAN/DIV/DIV/DIV/DIV[2],/HTML/BODY/DIV[2]/SPAN/DIV/DIV/DIV/DIV[2]/A/SPAN/*[local-name() = 'svg'],(371*981*72*250),(423*981*32*32),593
20,small-range,RetailMeNot,992px-995px,TP,TP,No,=HYPERLINK("file:///C:/Results/2020-05-29_05-18-32/ID_20-RetailMeNot-small-range-capture-992.pngID_20_small-range_RetailMeNot_992px_995px_TP_0.png"),=HYPERLINK("file:///C:/Results/2020-05-29_05-18-32/ID_20-RetailMeNot-small-range-capture-991.pngID_20_small-range_RetailMeNot_992px_995px_TP_1.png"),/HTML/BODY/DIV[2]/DIV/DIV,/HTML/BODY/DIV[2]/DIV/DIV/DIV[6],(49*586*555*892),(99*956*185*278),13666
21,small-range,RetailMeNot,992px-995px,FP,FP,No,=HYPERLINK("file:///C:/Results/2020-05-29_05-18-32/ID_21-RetailMeNot-small-range-capture-992.pngID_21_small-range_RetailMeNot_992px_995px_FP_0.png"),=HYPERLINK("file:///C:/Results/2020-05-29_05-18-32/ID_21-RetailMeNot-small-range-capture-991.pngID_21_small-range_RetailMeNot_992px_995px_FP_1.png"),/HTML/BODY/DIV[2]/DIV/DIV,/HTML/BODY/DIV[2]/DIV/DIV/DIV[4],(49*586*555*892),(49*771*185*278),4270
22,small-range,RetailMeNot,992px-995px,TP,TP,No,=HYPERLINK("file:///C:/Results/2020-05-29_05-18-32/ID_22-RetailMeNot-small-range-capture-992.pngID_22_small-range_RetailMeNot_992px_995px_TP_0.png"),=HYPERLINK("file:///C:/Results/2020-05-29_05-18-32/ID_22-RetailMeNot-small-range-capture-991.pngID_22_small-range_RetailMeNot_992px_995px_TP_1.png"),/HTML/BODY/DIV[2]/DIV/DIV/DIV[6],/HTML/BODY/DIV[2]/DIV/DIV/DIV[2],(99*956*185*278),(356*586*185*278),2285
23,small-range,RetailMeNot,992px-995px,TP,TP,No,=HYPERLINK("file:///C:/Results/2020-05-29_05-18-32/ID_23-RetailMeNot-small-range-capture-992.pngID_23_small-range_RetailMeNot_992px_995px_TP_0.png"),=HYPERLINK("file:///C:/Results/2020-05-29_05-18-32/ID_23-RetailMeNot-small-range-capture-991.pngID_23_small-range_RetailMeNot_992px_995px_TP_1.png"),/HTML/BODY/DIV[2]/DIV/DIV/DIV[6],/HTML/BODY/DIV[2]/DIV/DIV/DIV[3],(99*956*185*278),(663*586*185*278),2521
24,small-range,RetailMeNot,992px-995px,FP,FP,No,=HYPERLINK("file:///C:/Results/2020-05-29_05-18-32/ID_24-RetailMeNot-small-range-capture-992.pngID_24_small-range_RetailMeNot_992px_995px_FP_0.png"),=HYPERLINK("file:///C:/Results/2020-05-29_05-18-32/ID_24-RetailMeNot-small-range-capture-991.pngID_24_small-range_RetailMeNot_992px_995px_FP_1.png"),/HTML/BODY/DIV[2]/DIV/DIV,/HTML/BODY/DIV[2]/DIV/DIV/DIV[5],(49*586*555*892),(356*771*185*278),4276
25,small-range,RetailMeNot,992px-995px,TP,TP,No,=HYPERLINK("file:///C:/Results/2020-05-29_05-18-32/ID_25-RetailMeNot-small-range-capture-992.pngID_25_small-range_RetailMeNot_992px_995px_TP_0.png"),=HYPERLINK("file:///C:/Results/2020-05-29_05-18-32/ID_25-RetailMeNot-small-range-capture-991.pngID_25_small-range_RetailMeNot_992px_995px_TP_1.png"),/HTML/BODY/DIV[2]/DIV/DIV/DIV[6],/HTML/BODY/DIV[2]/DIV/DIV/DIV[5],(99*956*185*278),(356*771*185*278),2218
26,small-range,RetailMeNot,992px-995px,TP,TP,No,=HYPERLINK("file:///C:/Results/2020-05-29_05-18-32/ID_26-RetailMeNot-small-range-capture-992.pngID_26_small-range_RetailMeNot_992px_995px_TP_0.png"),=HYPERLINK("file:///C:/Results/2020-05-29_05-18-32/ID_26-RetailMeNot-small-range-capture-991.pngID_26_small-range_RetailMeNot_992px_995px_TP_1.png"),/HTML/BODY/DIV[2]/DIV/DIV/DIV[6],/HTML/BODY/DIV[2]/DIV/DIV/DIV[4],(99*956*185*278),(49*771*185*278),2209
27,small-range,RetailMeNot,992px-995px,TP,TP,No,=HYPERLINK("file:///C:/Results/2020-05-29_05-18-32/ID_27-RetailMeNot-small-range-capture-992.pngID_27_small-range_RetailMeNot_992px_995px_TP_0.png"),=HYPERLINK("file:///C:/Results/2020-05-29_05-18-32/ID_27-RetailMeNot-small-range-capture-991.pngID_27_small-range_RetailMeNot_992px_995px_TP_1.png"),/HTML/BODY/DIV[2]/DIV/DIV/DIV[6],/HTML/BODY/DIV[2]/DIV/DIV/DIV,(99*956*185*278),(49*586*185*278),2295
28,small-range,SimilarSites,992px-995px,TP,TP,No,=HYPERLINK("file:///C:/Results/2020-05-29_05-18-32/ID_28-SimilarSites-small-range-capture-992.pngID_28_small-range_SimilarSites_992px_995px_TP_0.png"),=HYPERLINK("file:///C:/Results/2020-05-29_05-18-32/ID_28-SimilarSites-small-range-capture-991.pngID_28_small-range_SimilarSites_992px_995px_TP_1.png"),/HTML/BODY/DIV[2]/SECTION[2]/DIV[2]/DL[6],/HTML/BODY/DIV[2]/SECTION[2]/DIV[2]/DL[5],(126*911*173*227),(256*686*173*227),5933
29,small-range,SimilarSites,992px-995px,TP,TP,No,=HYPERLINK("file:///C:/Results/2020-05-29_05-18-32/ID_29-SimilarSites-small-range-capture-992.pngID_29_small-range_SimilarSites_992px_995px_TP_0.png"),=HYPERLINK("file:///C:/Results/2020-05-29_05-18-32/ID_29-SimilarSites-small-range-capture-991.pngID_29_small-range_SimilarSites_992px_995px_TP_1.png"),/HTML/BODY/DIV[2]/SECTION[2]/DIV[2],/HTML/BODY/DIV[2]/SECTION[2]/DIV[2]/DL[6],(26*441*709*690),(126*911*173*227),2264
30,small-range,SimilarSites,992px-995px,TP,TP,No,=HYPERLINK("file:///C:/Results/2020-05-29_05-18-32/ID_30-SimilarSites-small-range-capture-992.pngID_30_small-range_SimilarSites_992px_995px_TP_0.png"),=HYPERLINK("file:///C:/Results/2020-05-29_05-18-32/ID_30-SimilarSites-small-range-capture-991.pngID_30_small-range_SimilarSites_992px_995px_TP_1.png"),/HTML/BODY/DIV[2]/SECTION[2]/DIV[2]/DL[6],/HTML/BODY/DIV[2]/SECTION[2]/DIV[2]/DL,(126*911*173*227),(26*461*173*227),1285
31,small-range,SimilarSites,992px-995px,TP,TP,No,=HYPERLINK("file:///C:/Results/2020-05-29_05-18-32/ID_31-SimilarSites-small-range-capture-992.pngID_31_small-range_SimilarSites_992px_995px_TP_0.png"),=HYPERLINK("file:///C:/Results/2020-05-29_05-18-32/ID_31-SimilarSites-small-range-capture-991.pngID_31_small-range_SimilarSites_992px_995px_TP_1.png"),/HTML/BODY/DIV[2]/SECTION[2]/DIV[2]/DL[6],/HTML/BODY/DIV[2]/SECTION[2]/DIV[2]/DL[4],(126*911*173*227),(26*686*173*227),1097
32,small-range,SimilarSites,992px-995px,TP,TP,No,=HYPERLINK("file:///C:/Results/2020-05-29_05-18-32/ID_32-SimilarSites-small-range-capture-992.pngID_32_small-range_SimilarSites_992px_995px_TP_0.png"),=HYPERLINK("file:///C:/Results/2020-05-29_05-18-32/ID_32-SimilarSites-small-range-capture-991.pngID_32_small-range_SimilarSites_992px_995px_TP_1.png"),/HTML/BODY/DIV[2]/SECTION[2]/DIV[2]/DL[6],/HTML/BODY/DIV[2]/SECTION[2]/DIV[2]/DL[2],(126*911*173*227),(256*461*173*227),1161
33,small-range,SimilarSites,992px-995px,TP,TP,No,=HYPERLINK("file:///C:/Results/2020-05-29_05-18-32/ID_33-SimilarSites-small-range-capture-992.pngID_33_small-range_SimilarSites_992px_995px_TP_0.png"),=HYPERLINK("file:///C:/Results/2020-05-29_05-18-32/ID_33-SimilarSites-small-range-capture-991.pngID_33_small-range_SimilarSites_992px_995px_TP_1.png"),/HTML/BODY/DIV[2]/SECTION[2]/DIV[2]/DL[6],/HTML/BODY/DIV[2]/SECTION[2]/DIV[2]/DL[3],(126*911*173*227),(487*461*173*227),1118
34,small-range,startbootstrap-agency,992px-995px,TP,TP,No,=HYPERLINK("file:///C:/Results/2020-05-29_05-18-32/ID_34-startbootstrap-agency-small-range-capture-992.pngID_34_small-range_startbootstrap-agency_992px_995px_TP_0.png"),=HYPERLINK("file:///C:/Results/2020-05-29_05-18-32/ID_34-startbootstrap-agency-small-range-capture-991.pngID_34_small-range_startbootstrap-agency_992px_995px_TP_1.png"),/HTML/BODY/SECTION[2]/DIV/DIV[2],/HTML/BODY/SECTION[2]/DIV/DIV[2]/DIV[6],(16*1716*1062*960),(346*2425*324*320),17753
35,small-range,startbootstrap-agency,992px-995px,TP,TP,No,=HYPERLINK("file:///C:/Results/2020-05-29_05-18-32/ID_35-startbootstrap-agency-small-range-capture-992.pngID_35_small-range_startbootstrap-agency_992px_995px_TP_0.png"),=HYPERLINK("file:///C:/Results/2020-05-29_05-18-32/ID_35-startbootstrap-agency-small-range-capture-991.pngID_35_small-range_startbootstrap-agency_992px_995px_TP_1.png"),/HTML/BODY/SECTION[2]/DIV/DIV[2]/DIV[6],/HTML/BODY/SECTION[2]/DIV/DIV[2]/DIV[2],(346*2425*324*320),(336*1716*324*320),3399
36,small-range,startbootstrap-agency,992px-995px,TP,TP,No,=HYPERLINK("file:///C:/Results/2020-05-29_05-18-32/ID_36-startbootstrap-agency-small-range-capture-992.pngID_36_small-range_startbootstrap-agency_992px_995px_TP_0.png"),=HYPERLINK("file:///C:/Results/2020-05-29_05-18-32/ID_36-startbootstrap-agency-small-range-capture-991.pngID_36_small-range_startbootstrap-agency_992px_995px_TP_1.png"),/HTML/BODY/SECTION[2]/DIV/DIV[2]/DIV[6],/HTML/BODY/SECTION[2]/DIV/DIV[2]/DIV[5],(346*2425*324*320),(336*2070*324*320),3262
37,small-range,startbootstrap-agency,992px-995px,TP,TP,No,=HYPERLINK("file:///C:/Results/2020-05-29_05-18-32/ID_37-startbootstrap-agency-small-range-capture-992.pngID_37_small-range_startbootstrap-agency_992px_995px_TP_0.png"),=HYPERLINK("file:///C:/Results/2020-05-29_05-18-32/ID_37-startbootstrap-agency-small-range-capture-991.pngID_37_small-range_startbootstrap-agency_992px_995px_TP_1.png"),/HTML/BODY/SECTION[2]/DIV/DIV[2]/DIV[6],/HTML/BODY/SECTION[2]/DIV/DIV[2]/DIV[3],(346*2425*324*320),(656*1716*324*320),3267
38,small-range,startbootstrap-agency,992px-995px,TP,TP,No,=HYPERLINK("file:///C:/Results/2020-05-29_05-18-32/ID_38-startbootstrap-agency-small-range-capture-992.pngID_38_small-range_startbootstrap-agency_992px_995px_TP_0.png"),=HYPERLINK("file:///C:/Results/2020-05-29_05-18-32/ID_38-startbootstrap-agency-small-range-capture-991.pngID_38_small-range_startbootstrap-agency_992px_995px_TP_1.png"),/HTML/BODY/SECTION[2]/DIV/DIV[2]/DIV[6],/HTML/BODY/SECTION[2]/DIV/DIV[2]/DIV[4],(346*2425*324*320),(16*2070*324*320),3187
39,small-range,startbootstrap-business-casual,992px-995px,TP,TP,No,=HYPERLINK("file:///C:/Results/2020-05-29_05-18-32/ID_39-startbootstrap-business-casual-small-range-capture-992.pngID_39_small-range_startbootstrap-business-casual_992px_995px_TP_0.png"),=HYPERLINK("file:///C:/Results/2020-05-29_05-18-32/ID_39-startbootstrap-business-casual-small-range-capture-991.pngID_39_small-range_startbootstrap-business-casual_992px_995px_TP_1.png"),/HTML/BODY/SECTION/DIV/DIV/DIV,/HTML/BODY/SECTION/DIV/DIV/IMG,(31*487*324*558),(263*889*465*697),21219
40,small-range,startbootstrap-clean-blog,992px-995px,TP,TP,No,=HYPERLINK("file:///C:/Results/2020-05-29_05-18-32/ID_40-startbootstrap-clean-blog-small-range-capture-992.pngID_40_small-range_startbootstrap-clean-blog_992px_995px_TP_0.png"),=HYPERLINK("file:///C:/Results/2020-05-29_05-18-32/ID_40-startbootstrap-clean-blog-small-range-capture-991.pngID_40_small-range_startbootstrap-clean-blog_992px_995px_TP_1.png"),/HTML/BODY/FOOTER/DIV/DIV/DIV/UL/LI[3],/HTML/BODY/FOOTER/DIV/DIV/DIV/UL/LI,(657*1767*53*66),(418*1713*53*66),5893
41,small-range,startbootstrap-clean-blog,992px-995px,TP,TP,No,=HYPERLINK("file:///C:/Results/2020-05-29_05-18-32/ID_41-startbootstrap-clean-blog-small-range-capture-992.pngID_41_small-range_startbootstrap-clean-blog_992px_995px_TP_0.png"),=HYPERLINK("file:///C:/Results/2020-05-29_05-18-32/ID_41-startbootstrap-clean-blog-small-range-capture-991.pngID_41_small-range_startbootstrap-clean-blog_992px_995px_TP_1.png"),/HTML/BODY/FOOTER/DIV/DIV/DIV/UL,/HTML/BODY/FOOTER/DIV/DIV/DIV/UL/LI,(191*1713*106*610),(418*1713*53*66),1776
42,small-range,startbootstrap-clean-blog,992px-995px,TP,TP,No,=HYPERLINK("file:///C:/Results/2020-05-29_05-18-32/ID_42-startbootstrap-clean-blog-small-range-capture-992.pngID_42_small-range_startbootstrap-clean-blog_992px_995px_TP_0.png"),=HYPERLINK("file:///C:/Results/2020-05-29_05-18-32/ID_42-startbootstrap-clean-blog-small-range-capture-991.pngID_42_small-range_startbootstrap-clean-blog_992px_995px_TP_1.png"),/HTML/BODY/FOOTER/DIV/DIV/DIV/UL/LI[3],/HTML/BODY/FOOTER/DIV/DIV/DIV/UL/LI[2],(657*1767*53*66),(498*1713*53*66),598
43,small-range,startbootstrap-clean-blog,992px-995px,FP,FP,No,=HYPERLINK("file:///C:/Results/2020-05-29_05-18-32/ID_43-startbootstrap-clean-blog-small-range-capture-992.pngID_43_small-range_startbootstrap-clean-blog_992px_995px_FP_0.png"),=HYPERLINK("file:///C:/Results/2020-05-29_05-18-32/ID_43-startbootstrap-clean-blog-small-range-capture-991.pngID_43_small-range_startbootstrap-clean-blog_992px_995px_FP_1.png"),/HTML/BODY/FOOTER/DIV/DIV/DIV/UL,/HTML/BODY/FOOTER/DIV/DIV/DIV/UL/LI[2],(191*1713*106*610),(498*1713*53*66),1752
44,small-range,startbootstrap-clean-blog,992px-995px,TP,TP,No,=HYPERLINK("file:///C:/Results/2020-05-29_05-18-32/ID_44-startbootstrap-clean-blog-small-range-capture-992.pngID_44_small-range_startbootstrap-clean-blog_992px_995px_TP_0.png"),=HYPERLINK("file:///C:/Results/2020-05-29_05-18-32/ID_44-startbootstrap-clean-blog-small-range-capture-991.pngID_44_small-range_startbootstrap-clean-blog_992px_995px_TP_1.png"),/HTML/BODY/FOOTER/DIV/DIV/DIV/UL,/HTML/BODY/FOOTER/DIV/DIV/DIV/UL/LI[3],(191*1713*106*610),(657*1767*53*66),1807
45,small-range,startbootstrap-coming-soon,992px-995px,TP,TP,No,=HYPERLINK("file:///C:/Results/2020-05-29_05-18-32/ID_45-startbootstrap-coming-soon-small-range-capture-992.pngID_45_small-range_startbootstrap-coming-soon_992px_995px_TP_0.png"),=HYPERLINK("file:///C:/Results/2020-05-29_05-18-32/ID_45-startbootstrap-coming-soon-small-range-capture-991.pngID_45_small-range_startbootstrap-coming-soon_992px_995px_TP_1.png"),/HTML/BODY/DIV[3]/UL,/HTML/BODY/DIV[3]/UL/LI[3],(788*658*256*164),(888*850*64*64),4010
46,small-range,startbootstrap-coming-soon,992px-995px,TP,TP,No,=HYPERLINK("file:///C:/Results/2020-05-29_05-18-32/ID_46-startbootstrap-coming-soon-small-range-capture-992.pngID_46_small-range_startbootstrap-coming-soon_992px_995px_TP_0.png"),=HYPERLINK("file:///C:/Results/2020-05-29_05-18-32/ID_46-startbootstrap-coming-soon-small-range-capture-991.pngID_46_small-range_startbootstrap-coming-soon_992px_995px_TP_1.png"),/HTML/BODY/DIV[3]/UL/LI[3],/HTML/BODY/DIV[3]/UL/LI,(888*850*64*64),(788*658*64*164),698
47,small-range,startbootstrap-coming-soon,992px-995px,TP,TP,No,=HYPERLINK("file:///C:/Results/2020-05-29_05-18-32/ID_47-startbootstrap-coming-soon-small-range-capture-992.pngID_47_small-range_startbootstrap-coming-soon_992px_995px_TP_0.png"),=HYPERLINK("file:///C:/Results/2020-05-29_05-18-32/ID_47-startbootstrap-coming-soon-small-range-capture-991.pngID_47_small-range_startbootstrap-coming-soon_992px_995px_TP_1.png"),/HTML/BODY/DIV[3]/UL/LI[3],/HTML/BODY/DIV[3]/UL/LI[2],(888*850*64*64),(788*754*64*164),582
48,small-range,startbootstrap-creative,992px-995px,FP,FP,No,=HYPERLINK("file:///C:/Results/2020-05-29_05-18-32/ID_48-startbootstrap-creative-small-range-capture-992.pngID_48_small-range_startbootstrap-creative_992px_995px_FP_0.png"),=HYPERLINK("file:///C:/Results/2020-05-29_05-18-32/ID_48-startbootstrap-creative-small-range-capture-991.pngID_48_small-range_startbootstrap-creative_992px_995px_FP_1.png"),/HTML/BODY/SECTION[2]/DIV/DIV,/HTML/BODY/SECTION[2]/DIV/DIV/DIV[2],(16*1664*465*960),(256*1664*244*240),12175
49,small-range,startbootstrap-creative,992px-995px,TP,TP,No,=HYPERLINK("file:///C:/Results/2020-05-29_05-18-32/ID_49-startbootstrap-creative-small-range-capture-992.pngID_49_small-range_startbootstrap-creative_992px_995px_TP_0.png"),=HYPERLINK("file:///C:/Results/2020-05-29_05-18-32/ID_49-startbootstrap-creative-small-range-capture-991.pngID_49_small-range_startbootstrap-creative_992px_995px_TP_1.png"),/HTML/BODY/SECTION[2]/DIV/DIV/DIV[4],/HTML/BODY/SECTION[2]/DIV/DIV/DIV[2],(116*1909*220*240),(256*1664*244*240),2581
50,small-range,startbootstrap-creative,992px-995px,TP,TP,No,=HYPERLINK("file:///C:/Results/2020-05-29_05-18-32/ID_50-startbootstrap-creative-small-range-capture-992.pngID_50_small-range_startbootstrap-creative_992px_995px_TP_0.png"),=HYPERLINK("file:///C:/Results/2020-05-29_05-18-32/ID_50-startbootstrap-creative-small-range-capture-991.pngID_50_small-range_startbootstrap-creative_992px_995px_TP_1.png"),/HTML/BODY/SECTION[2]/DIV/DIV/DIV[4],/HTML/BODY/SECTION[2]/DIV/DIV/DIV[3],(116*1909*220*240),(496*1664*244*240),2371
51,small-range,startbootstrap-creative,992px-995px,TP,TP,No,=HYPERLINK("file:///C:/Results/2020-05-29_05-18-32/ID_51-startbootstrap-creative-small-range-capture-992.pngID_51_small-range_startbootstrap-creative_992px_995px_TP_0.png"),=HYPERLINK("file:///C:/Results/2020-05-29_05-18-32/ID_51-startbootstrap-creative-small-range-capture-991.pngID_51_small-range_startbootstrap-creative_992px_995px_TP_1.png"),/HTML/BODY/SECTION[2]/DIV/DIV,/HTML/BODY/SECTION[2]/DIV/DIV/DIV[4],(16*1664*465*960),(116*1909*220*240),4036
52,small-range,startbootstrap-creative,992px-995px,FP,FP,No,=HYPERLINK("file:///C:/Results/2020-05-29_05-18-32/ID_52-startbootstrap-creative-small-range-capture-992.pngID_52_small-range_startbootstrap-creative_992px_995px_FP_0.png"),=HYPERLINK("file:///C:/Results/2020-05-29_05-18-32/ID_52-startbootstrap-creative-small-range-capture-991.pngID_52_small-range_startbootstrap-creative_992px_995px_FP_1.png"),/HTML/BODY/SECTION[2]/DIV/DIV,/HTML/BODY/SECTION[2]/DIV/DIV/DIV[3],(16*1664*465*960),(496*1664*244*240),4087
53,small-range,startbootstrap-creative,992px-995px,TP,TP,No,=HYPERLINK("file:///C:/Results/2020-05-29_05-18-32/ID_53-startbootstrap-creative-small-range-capture-992.pngID_53_small-range_startbootstrap-creative_992px_995px_TP_0.png"),=HYPERLINK("file:///C:/Results/2020-05-29_05-18-32/ID_53-startbootstrap-creative-small-range-capture-991.pngID_53_small-range_startbootstrap-creative_992px_995px_TP_1.png"),/HTML/BODY/SECTION[2]/DIV/DIV/DIV[4],/HTML/BODY/SECTION[2]/DIV/DIV/DIV,(116*1909*220*240),(16*1664*244*240),2310
54,small-range,startbootstrap-freelancer,992px-995px,TP,TP,No,=HYPERLINK("file:///C:/Results/2020-05-29_05-18-32/ID_54-startbootstrap-freelancer-small-range-capture-992.pngID_54_small-range_startbootstrap-freelancer_992px_995px_TP_0.png"),=HYPERLINK("file:///C:/Results/2020-05-29_05-18-32/ID_54-startbootstrap-freelancer-small-range-capture-991.pngID_54_small-range_startbootstrap-freelancer_992px_995px_TP_1.png"),/HTML/BODY/SECTION/DIV/DIV[2]/DIV[6],/HTML/BODY/SECTION/DIV/DIV[2]/DIV[5],(316*1489*239*319),(335*1249*239*319),7457
55,small-range,startbootstrap-freelancer,992px-995px,TP,TP,No,=HYPERLINK("file:///C:/Results/2020-05-29_05-18-32/ID_55-startbootstrap-freelancer-small-range-capture-992.pngID_55_small-range_startbootstrap-freelancer_992px_995px_TP_0.png"),=HYPERLINK("file:///C:/Results/2020-05-29_05-18-32/ID_55-startbootstrap-freelancer-small-range-capture-991.pngID_55_small-range_startbootstrap-freelancer_992px_995px_TP_1.png"),/HTML/BODY/SECTION/DIV/DIV[2],/HTML/BODY/SECTION/DIV/DIV[2]/DIV[4],(16*1010*718*960),(16*1249*239*319),3175
56,small-range,startbootstrap-freelancer,992px-995px,TP,TP,No,=HYPERLINK("file:///C:/Results/2020-05-29_05-18-32/ID_56-startbootstrap-freelancer-small-range-capture-992.pngID_56_small-range_startbootstrap-freelancer_992px_995px_TP_0.png"),=HYPERLINK("file:///C:/Results/2020-05-29_05-18-32/ID_56-startbootstrap-freelancer-small-range-capture-991.pngID_56_small-range_startbootstrap-freelancer_992px_995px_TP_1.png"),/HTML/BODY/SECTION/DIV/DIV[2]/DIV[6],/HTML/BODY/SECTION/DIV/DIV[2]/DIV[3],(316*1489*239*319),(655*1010*239*319),1540
57,small-range,startbootstrap-freelancer,992px-995px,TP,TP,No,=HYPERLINK("file:///C:/Results/2020-05-29_05-18-32/ID_57-startbootstrap-freelancer-small-range-capture-992.pngID_57_small-range_startbootstrap-freelancer_992px_995px_TP_0.png"),=HYPERLINK("file:///C:/Results/2020-05-29_05-18-32/ID_57-startbootstrap-freelancer-small-range-capture-991.pngID_57_small-range_startbootstrap-freelancer_992px_995px_TP_1.png"),/HTML/BODY/SECTION/DIV/DIV[2]/DIV[6],/HTML/BODY/SECTION/DIV/DIV[2]/DIV[4],(316*1489*239*319),(16*1249*239*319),1587
58,small-range,startbootstrap-freelancer,992px-995px,TP,TP,No,=HYPERLINK("file:///C:/Results/2020-05-29_05-18-32/ID_58-startbootstrap-freelancer-small-range-capture-992.pngID_58_small-range_startbootstrap-freelancer_992px_995px_TP_0.png"),=HYPERLINK("file:///C:/Results/2020-05-29_05-18-32/ID_58-startbootstrap-freelancer-small-range-capture-991.pngID_58_small-range_startbootstrap-freelancer_992px_995px_TP_1.png"),/HTML/BODY/SECTION/DIV/DIV[2],/HTML/BODY/SECTION/DIV/DIV[2]/DIV[6],(16*1010*718*960),(316*1489*239*319),2535
59,small-range,startbootstrap-freelancer,992px-995px,TP,TP,No,=HYPERLINK("file:///C:/Results/2020-05-29_05-18-32/ID_59-startbootstrap-freelancer-small-range-capture-992.pngID_59_small-range_startbootstrap-freelancer_992px_995px_TP_0.png"),=HYPERLINK("file:///C:/Results/2020-05-29_05-18-32/ID_59-startbootstrap-freelancer-small-range-capture-991.pngID_59_small-range_startbootstrap-freelancer_992px_995px_TP_1.png"),/HTML/BODY/SECTION/DIV/DIV[2]/DIV[6],/HTML/BODY/SECTION/DIV/DIV[2]/DIV[2],(316*1489*239*319),(335*1010*239*319),1472
60,small-range,startbootstrap-freelancer,992px-995px,TP,TP,No,=HYPERLINK("file:///C:/Results/2020-05-29_05-18-32/ID_60-startbootstrap-freelancer-small-range-capture-992.pngID_60_small-range_startbootstrap-freelancer_992px_995px_TP_0.png"),=HYPERLINK("file:///C:/Results/2020-05-29_05-18-32/ID_60-startbootstrap-freelancer-small-range-capture-991.pngID_60_small-range_startbootstrap-freelancer_992px_995px_TP_1.png"),/HTML/BODY/SECTION/DIV/DIV[2],/HTML/BODY/SECTION/DIV/DIV[2]/DIV[5],(16*1010*718*960),(335*1249*239*319),2513
61,small-range,startbootstrap-grayscale,992px-995px,FP,FP,No,=HYPERLINK("file:///C:/Results/2020-05-29_05-18-32/ID_61-startbootstrap-grayscale-small-range-capture-992.pngID_61_small-range_startbootstrap-grayscale_992px_995px_FP_0.png"),=HYPERLINK("file:///C:/Results/2020-05-29_05-18-32/ID_61-startbootstrap-grayscale-small-range-capture-991.pngID_61_small-range_startbootstrap-grayscale_992px_995px_FP_1.png"),/HTML/BODY/SECTION[4]/DIV/DIV,/HTML/BODY/SECTION[4]/DIV/DIV/DIV,(16*3563*412*960),(16*3563*206*320),15127
62,small-range,startbootstrap-grayscale,992px-995px,FP,FP,No,=HYPERLINK("file:///C:/Results/2020-05-29_05-18-32/ID_62-startbootstrap-grayscale-small-range-capture-992.pngID_62_small-range_startbootstrap-grayscale_992px_995px_FP_0.png"),=HYPERLINK("file:///C:/Results/2020-05-29_05-18-32/ID_62-startbootstrap-grayscale-small-range-capture-991.pngID_62_small-range_startbootstrap-grayscale_992px_995px_FP_1.png"),/HTML/BODY/SECTION[4]/DIV/DIV/DIV[3],/HTML/BODY/SECTION[4]/DIV/DIV/DIV[2],(216*3769*206*320),(336*3563*206*320),2838
63,small-range,startbootstrap-grayscale,992px-995px,FP,FP,No,=HYPERLINK("file:///C:/Results/2020-05-29_05-18-32/ID_63-startbootstrap-grayscale-small-range-capture-992.pngID_63_small-range_startbootstrap-grayscale_992px_995px_FP_0.png"),=HYPERLINK("file:///C:/Results/2020-05-29_05-18-32/ID_63-startbootstrap-grayscale-small-range-capture-991.pngID_63_small-range_startbootstrap-grayscale_992px_995px_FP_1.png"),/HTML/BODY/SECTION[4]/DIV/DIV,/HTML/BODY/SECTION[4]/DIV/DIV/DIV[3],(16*3563*412*960),(216*3769*206*320),4955
64,small-range,startbootstrap-grayscale,992px-995px,FP,FP,No,=HYPERLINK("file:///C:/Results/2020-05-29_05-18-32/ID_64-startbootstrap-grayscale-small-range-capture-992.pngID_64_small-range_startbootstrap-grayscale_992px_995px_FP_0.png"),=HYPERLINK("file:///C:/Results/2020-05-29_05-18-32/ID_64-startbootstrap-grayscale-small-range-capture-991.pngID_64_small-range_startbootstrap-grayscale_992px_995px_FP_1.png"),/HTML/BODY/SECTION[4]/DIV/DIV/DIV[3],/HTML/BODY/SECTION[4]/DIV/DIV/DIV,(216*3769*206*320),(16*3563*206*320),2904
65,small-range,startbootstrap-grayscale,992px-995px,FP,FP,No,=HYPERLINK("file:///C:/Results/2020-05-29_05-18-32/ID_65-startbootstrap-grayscale-small-range-capture-992.pngID_65_small-range_startbootstrap-grayscale_992px_995px_FP_0.png"),=HYPERLINK("file:///C:/Results/2020-05-29_05-18-32/ID_65-startbootstrap-grayscale-small-range-capture-991.pngID_65_small-range_startbootstrap-grayscale_992px_995px_FP_1.png"),/HTML/BODY/SECTION[4]/DIV/DIV,/HTML/BODY/SECTION[4]/DIV/DIV/DIV[2],(16*3563*412*960),(336*3563*206*320),6608
66,small-range,startbootstrap-landing-page,992px-995px,FP,FP,No,=HYPERLINK("file:///C:/Results/2020-05-29_05-18-32/ID_66-startbootstrap-landing-page-small-range-capture-992.pngID_66_small-range_startbootstrap-landing-page_992px_995px_FP_0.png"),=HYPERLINK("file:///C:/Results/2020-05-29_05-18-32/ID_66-startbootstrap-landing-page-small-range-capture-991.pngID_66_small-range_startbootstrap-landing-page_992px_995px_FP_1.png"),/HTML/BODY/SECTION[3]/DIV/DIV,/HTML/BODY/SECTION[3]/DIV/DIV/DIV[2],(16*2889*576*960),(336*2889*288*320),19880
67,small-range,startbootstrap-landing-page,992px-995px,TP,TP,No,=HYPERLINK("file:///C:/Results/2020-05-29_05-18-32/ID_67-startbootstrap-landing-page-small-range-capture-992.pngID_67_small-range_startbootstrap-landing-page_992px_995px_TP_0.png"),=HYPERLINK("file:///C:/Results/2020-05-29_05-18-32/ID_67-startbootstrap-landing-page-small-range-capture-991.pngID_67_small-range_startbootstrap-landing-page_992px_995px_TP_1.png"),/HTML/BODY/SECTION[3]/DIV/DIV/DIV[3],/HTML/BODY/SECTION[3]/DIV/DIV/DIV,(216*3177*288*320),(16*2889*288*320),5878
68,small-range,startbootstrap-landing-page,992px-995px,FP,FP,No,=HYPERLINK("file:///C:/Results/2020-05-29_05-18-32/ID_68-startbootstrap-landing-page-small-range-capture-992.pngID_68_small-range_startbootstrap-landing-page_992px_995px_FP_0.png"),=HYPERLINK("file:///C:/Results/2020-05-29_05-18-32/ID_68-startbootstrap-landing-page-small-range-capture-991.pngID_68_small-range_startbootstrap-landing-page_992px_995px_FP_1.png"),/HTML/BODY/SECTION[3]/DIV/DIV,/HTML/BODY/SECTION[3]/DIV/DIV/DIV,(16*2889*576*960),(16*2889*288*320),7847
69,small-range,startbootstrap-landing-page,992px-995px,TP,TP,No,=HYPERLINK("file:///C:/Results/2020-05-29_05-18-32/ID_69-startbootstrap-landing-page-small-range-capture-992.pngID_69_small-range_startbootstrap-landing-page_992px_995px_TP_0.png"),=HYPERLINK("file:///C:/Results/2020-05-29_05-18-32/ID_69-startbootstrap-landing-page-small-range-capture-991.pngID_69_small-range_startbootstrap-landing-page_992px_995px_TP_1.png"),/HTML/BODY/SECTION[3]/DIV/DIV/DIV[3],/HTML/BODY/SECTION[3]/DIV/DIV/DIV[2],(216*3177*288*320),(336*2889*288*320),5518
70,small-range,startbootstrap-new-age,992px-995px,TP,TP,No,=HYPERLINK("file:///C:/Results/2020-05-29_05-18-32/ID_70-startbootstrap-new-age-small-range-capture-992.pngID_70_small-range_startbootstrap-new-age_992px_995px_TP_0.png"),=HYPERLINK("file:///C:/Results/2020-05-29_05-18-32/ID_70-startbootstrap-new-age-small-range-capture-991.pngID_70_small-range_startbootstrap-new-age_992px_995px_TP_1.png"),/HTML/BODY/SECTION[2]/DIV/DIV[2]/DIV[2]/DIV/DIV[2]/DIV[2],/HTML/BODY/SECTION[2]/DIV/DIV[2]/DIV[2]/DIV/DIV[2]/DIV,(401*2530*313*305),(351*2190*340*305),15706
71,small-range,startbootstrap-new-age,992px-995px,TP,TP,No,=HYPERLINK("file:///C:/Results/2020-05-29_05-18-32/ID_71-startbootstrap-new-age-small-range-capture-992.pngID_71_small-range_startbootstrap-new-age_992px_995px_TP_0.png"),=HYPERLINK("file:///C:/Results/2020-05-29_05-18-32/ID_71-startbootstrap-new-age-small-range-capture-991.pngID_71_small-range_startbootstrap-new-age_992px_995px_TP_1.png"),/HTML/BODY/SECTION[2]/DIV/DIV[2]/DIV[2]/DIV/DIV[2],/HTML/BODY/SECTION[2]/DIV/DIV[2]/DIV[2]/DIV/DIV[2]/DIV,(351*2190*653*610),(351*2190*340*305),4783
72,small-range,startbootstrap-one-page-wonder,992px-995px,TP,TP,No,=HYPERLINK("file:///C:/Results/2020-05-29_05-18-32/ID_72-startbootstrap-one-page-wonder-small-range-capture-992.pngID_72_small-range_startbootstrap-one-page-wonder_992px_995px_TP_0.png"),=HYPERLINK("file:///C:/Results/2020-05-29_05-18-32/ID_72-startbootstrap-one-page-wonder-small-range-capture-991.pngID_72_small-range_startbootstrap-one-page-wonder_992px_995px_TP_1.png"),/HTML/BODY/SECTION/DIV/DIV/DIV[2],/HTML/BODY/SECTION/DIV/DIV/DIV,(17*686*465*480),(16*1151*450*480),9530
73,small-range,startbootstrap-one-page-wonder,992px-995px,TP,TP,No,=HYPERLINK("file:///C:/Results/2020-05-29_05-18-32/ID_73-startbootstrap-one-page-wonder-small-range-capture-992.pngID_73_small-range_startbootstrap-one-page-wonder_992px_995px_TP_0.png"),=HYPERLINK("file:///C:/Results/2020-05-29_05-18-32/ID_73-startbootstrap-one-page-wonder-small-range-capture-991.pngID_73_small-range_startbootstrap-one-page-wonder_992px_995px_TP_1.png"),/HTML/BODY/SECTION/DIV/DIV,/HTML/BODY/SECTION/DIV/DIV/DIV,(16*686*915*960),(16*1151*450*480),5049
74,small-range,startbootstrap-one-page-wonder,992px-995px,TP,TP,No,=HYPERLINK("file:///C:/Results/2020-05-29_05-18-32/ID_74-startbootstrap-one-page-wonder-small-range-capture-992.pngID_74_small-range_startbootstrap-one-page-wonder_992px_995px_TP_0.png"),=HYPERLINK("file:///C:/Results/2020-05-29_05-18-32/ID_74-startbootstrap-one-page-wonder-small-range-capture-991.pngID_74_small-range_startbootstrap-one-page-wonder_992px_995px_TP_1.png"),/HTML/BODY/SECTION/DIV/DIV,/HTML/BODY/SECTION/DIV/DIV/DIV[2],(16*686*915*960),(17*686*465*480),4683
75,small-range,startbootstrap-resume,992px-995px,TP,TP,No,=HYPERLINK("file:///C:/Results/2020-05-29_05-18-32/ID_75-startbootstrap-resume-small-range-capture-992.pngID_75_small-range_startbootstrap-resume_992px_995px_TP_0.png"),=HYPERLINK("file:///C:/Results/2020-05-29_05-18-32/ID_75-startbootstrap-resume-small-range-capture-991.pngID_75_small-range_startbootstrap-resume_992px_995px_TP_1.png"),/HTML/BODY/DIV/SECTION/DIV/DIV[2],/HTML/BODY/DIV/SECTION/DIV/DIV,(720*582*112*224),(320*340*36*624),13137
76,small-range,startbootstrap-resume,992px-995px,TP,TP,No,=HYPERLINK("file:///C:/Results/2020-05-29_05-18-32/ID_76-startbootstrap-resume-small-range-capture-992.pngID_76_small-range_startbootstrap-resume_992px_995px_TP_0.png"),=HYPERLINK("file:///C:/Results/2020-05-29_05-18-32/ID_76-startbootstrap-resume-small-range-capture-991.pngID_76_small-range_startbootstrap-resume_992px_995px_TP_1.png"),/HTML/BODY/DIV/SECTION/DIV,/HTML/BODY/DIV/SECTION/DIV/DIV[2],(320*252*442*624),(720*582*112*224),4287
77,small-range,startbootstrap-resume,992px-995px,TP,TP,No,=HYPERLINK("file:///C:/Results/2020-05-29_05-18-32/ID_77-startbootstrap-resume-small-range-capture-992.pngID_77_small-range_startbootstrap-resume_992px_995px_TP_0.png"),=HYPERLINK("file:///C:/Results/2020-05-29_05-18-32/ID_77-startbootstrap-resume-small-range-capture-991.pngID_77_small-range_startbootstrap-resume_992px_995px_TP_1.png"),/HTML/BODY/DIV/SECTION/DIV/DIV[2],/HTML/BODY/DIV/SECTION/DIV/P,(720*582*112*224),(320*424*110*624),4091
78,small-range,startbootstrap-resume,992px-995px,TP,TP,No,=HYPERLINK("file:///C:/Results/2020-05-29_05-18-32/ID_78-startbootstrap-resume-small-range-capture-992.pngID_78_small-range_startbootstrap-resume_992px_995px_TP_0.png"),=HYPERLINK("file:///C:/Results/2020-05-29_05-18-32/ID_78-startbootstrap-resume-small-range-capture-991.pngID_78_small-range_startbootstrap-resume_992px_995px_TP_1.png"),/HTML/BODY/DIV/SECTION/DIV/DIV[2],/HTML/BODY/DIV/SECTION/DIV/H1,(720*582*112*224),(320*252*88*624),3784
79,small-range,startbootstrap-sb-admin-2,992px-995px,TP,TP,No,=HYPERLINK("file:///C:/Results/2020-05-29_05-18-32/ID_79-startbootstrap-sb-admin-2-small-range-capture-992.pngID_79_small-range_startbootstrap-sb-admin-2_992px_995px_TP_0.png"),=HYPERLINK("file:///C:/Results/2020-05-29_05-18-32/ID_79-startbootstrap-sb-admin-2-small-range-capture-991.pngID_79_small-range_startbootstrap-sb-admin-2_992px_995px_TP_1.png"),/HTML/BODY/DIV/DIV/DIV/DIV/DIV[4]/DIV/DIV[2]/DIV[4],/HTML/BODY/DIV/DIV/DIV/DIV/DIV[4]/DIV/DIV[2]/DIV[3],(236*1473*85*186),(266*1364*85*186),6613
80,small-range,startbootstrap-sb-admin-2,992px-995px,TP,TP,No,=HYPERLINK("file:///C:/Results/2020-05-29_05-18-32/ID_80-startbootstrap-sb-admin-2-small-range-capture-992.pngID_80_small-range_startbootstrap-sb-admin-2_992px_995px_TP_0.png"),=HYPERLINK("file:///C:/Results/2020-05-29_05-18-32/ID_80-startbootstrap-sb-admin-2-small-range-capture-991.pngID_80_small-range_startbootstrap-sb-admin-2_992px_995px_TP_1.png"),/HTML/BODY/DIV/DIV/DIV/DIV/DIV[4]/DIV/DIV[2]/DIV[6],/HTML/BODY/DIV/DIV/DIV/DIV/DIV[4]/DIV/DIV[2]/DIV[2],(236*1582*85*186),(422*1254*85*186),1241
81,small-range,startbootstrap-sb-admin-2,992px-995px,TP,TP,No,=HYPERLINK("file:///C:/Results/2020-05-29_05-18-32/ID_81-startbootstrap-sb-admin-2-small-range-capture-992.pngID_81_small-range_startbootstrap-sb-admin-2_992px_995px_TP_0.png"),=HYPERLINK("file:///C:/Results/2020-05-29_05-18-32/ID_81-startbootstrap-sb-admin-2-small-range-capture-991.pngID_81_small-range_startbootstrap-sb-admin-2_992px_995px_TP_1.png"),/HTML/BODY/DIV/DIV/DIV/DIV/DIV[4]/DIV/DIV[2]/DIV[3],/HTML/BODY/DIV/DIV/DIV/DIV/DIV[4]/DIV/DIV[2]/DIV,(266*1364*85*186),(236*1254*85*186),1153
82,small-range,startbootstrap-sb-admin-2,992px-995px,TP,TP,No,=HYPERLINK("file:///C:/Results/2020-05-29_05-18-32/ID_82-startbootstrap-sb-admin-2-small-range-capture-992.pngID_82_small-range_startbootstrap-sb-admin-2_992px_995px_TP_0.png"),=HYPERLINK("file:///C:/Results/2020-05-29_05-18-32/ID_82-startbootstrap-sb-admin-2-small-range-capture-991.pngID_82_small-range_startbootstrap-sb-admin-2_992px_995px_TP_1.png"),/HTML/BODY/DIV/DIV/DIV/DIV/DIV[4]/DIV/DIV[2]/DIV[6],/HTML/BODY/DIV/DIV/DIV/DIV/DIV[4]/DIV/DIV[2]/DIV[5],(236*1582*85*186),(422*1473*85*186),1197
83,small-range,startbootstrap-sb-admin-2,992px-995px,TP,TP,No,=HYPERLINK("file:///C:/Results/2020-05-29_05-18-32/ID_83-startbootstrap-sb-admin-2-small-range-capture-992.pngID_83_small-range_startbootstrap-sb-admin-2_992px_995px_TP_0.png"),=HYPERLINK("file:///C:/Results/2020-05-29_05-18-32/ID_83-startbootstrap-sb-admin-2-small-range-capture-991.pngID_83_small-range_startbootstrap-sb-admin-2_992px_995px_TP_1.png"),/HTML/BODY/DIV/DIV/DIV/DIV/DIV[4]/DIV/DIV[2]/DIV[5],/HTML/BODY/DIV/DIV/DIV/DIV/DIV[4]/DIV/DIV[2]/DIV,(422*1473*85*186),(236*1254*85*186),1191
84,small-range,startbootstrap-sb-admin-2,992px-995px,TP,TP,No,=HYPERLINK("file:///C:/Results/2020-05-29_05-18-32/ID_84-startbootstrap-sb-admin-2-small-range-capture-992.pngID_84_small-range_startbootstrap-sb-admin-2_992px_995px_TP_0.png"),=HYPERLINK("file:///C:/Results/2020-05-29_05-18-32/ID_84-startbootstrap-sb-admin-2-small-range-capture-991.pngID_84_small-range_startbootstrap-sb-admin-2_992px_995px_TP_1.png"),/HTML/BODY/DIV/DIV/DIV/DIV/DIV[4]/DIV/DIV[2],/HTML/BODY/DIV/DIV/DIV/DIV/DIV[4]/DIV/DIV[2]/DIV[6],(236*1254*436*372),(236*1582*85*186),3200
85,small-range,startbootstrap-sb-admin-2,992px-995px,TP,TP,No,=HYPERLINK("file:///C:/Results/2020-05-29_05-18-32/ID_85-startbootstrap-sb-admin-2-small-range-capture-992.pngID_85_small-range_startbootstrap-sb-admin-2_992px_995px_TP_0.png"),=HYPERLINK("file:///C:/Results/2020-05-29_05-18-32/ID_85-startbootstrap-sb-admin-2-small-range-capture-991.pngID_85_small-range_startbootstrap-sb-admin-2_992px_995px_TP_1.png"),/HTML/BODY/DIV/DIV/DIV/DIV/DIV[4]/DIV/DIV[2],/HTML/BODY/DIV/DIV/DIV/DIV/DIV[4]/DIV/DIV[2]/DIV[4],(236*1254*436*372),(236*1473*85*186),1793
86,small-range,startbootstrap-sb-admin-2,992px-995px,TP,TP,No,=HYPERLINK("file:///C:/Results/2020-05-29_05-18-32/ID_86-startbootstrap-sb-admin-2-small-range-capture-992.pngID_86_small-range_startbootstrap-sb-admin-2_992px_995px_TP_0.png"),=HYPERLINK("file:///C:/Results/2020-05-29_05-18-32/ID_86-startbootstrap-sb-admin-2-small-range-capture-991.pngID_86_small-range_startbootstrap-sb-admin-2_992px_995px_TP_1.png"),/HTML/BODY/DIV/DIV/DIV/DIV/DIV[4]/DIV/DIV[2],/HTML/BODY/DIV/DIV/DIV/DIV/DIV[4]/DIV/DIV[2]/DIV[5],(236*1254*436*372),(422*1473*85*186),1697
87,small-range,startbootstrap-sb-admin-2,992px-995px,TP,TP,No,=HYPERLINK("file:///C:/Results/2020-05-29_05-18-32/ID_87-startbootstrap-sb-admin-2-small-range-capture-992.pngID_87_small-range_startbootstrap-sb-admin-2_992px_995px_TP_0.png"),=HYPERLINK("file:///C:/Results/2020-05-29_05-18-32/ID_87-startbootstrap-sb-admin-2-small-range-capture-991.pngID_87_small-range_startbootstrap-sb-admin-2_992px_995px_TP_1.png"),/HTML/BODY/DIV/DIV/DIV/DIV/DIV[4]/DIV/DIV[2]/DIV[5],/HTML/BODY/DIV/DIV/DIV/DIV/DIV[4]/DIV/DIV[2]/DIV[4],(422*1473*85*186),(236*1473*85*186),1231
88,small-range,startbootstrap-sb-admin-2,992px-995px,TP,TP,No,=HYPERLINK("file:///C:/Results/2020-05-29_05-18-32/ID_88-startbootstrap-sb-admin-2-small-range-capture-992.pngID_88_small-range_startbootstrap-sb-admin-2_992px_995px_TP_0.png"),=HYPERLINK("file:///C:/Results/2020-05-29_05-18-32/ID_88-startbootstrap-sb-admin-2-small-range-capture-991.pngID_88_small-range_startbootstrap-sb-admin-2_992px_995px_TP_1.png"),/HTML/BODY/DIV/DIV/DIV/DIV/DIV[4]/DIV/DIV[2]/DIV[5],/HTML/BODY/DIV/DIV/DIV/DIV/DIV[4]/DIV/DIV[2]/DIV[3],(422*1473*85*186),(266*1364*85*186),1200
89,small-range,startbootstrap-sb-admin-2,992px-995px,TP,TP,No,=HYPERLINK("file:///C:/Results/2020-05-29_05-18-32/ID_89-startbootstrap-sb-admin-2-small-range-capture-992.pngID_89_small-range_startbootstrap-sb-admin-2_992px_995px_TP_0.png"),=HYPERLINK("file:///C:/Results/2020-05-29_05-18-32/ID_89-startbootstrap-sb-admin-2-small-range-capture-991.pngID_89_small-range_startbootstrap-sb-admin-2_992px_995px_TP_1.png"),/HTML/BODY/DIV/DIV/DIV/DIV/DIV[4]/DIV/DIV[2]/DIV[6],/HTML/BODY/DIV/DIV/DIV/DIV/DIV[4]/DIV/DIV[2]/DIV[3],(236*1582*85*186),(266*1364*85*186),1221
90,small-range,startbootstrap-sb-admin-2,992px-995px,TP,TP,No,=HYPERLINK("file:///C:/Results/2020-05-29_05-18-32/ID_90-startbootstrap-sb-admin-2-small-range-capture-992.pngID_90_small-range_startbootstrap-sb-admin-2_992px_995px_TP_0.png"),=HYPERLINK("file:///C:/Results/2020-05-29_05-18-32/ID_90-startbootstrap-sb-admin-2-small-range-capture-991.pngID_90_small-range_startbootstrap-sb-admin-2_992px_995px_TP_1.png"),/HTML/BODY/DIV/DIV/DIV/DIV/DIV[4]/DIV/DIV[2]/DIV[4],/HTML/BODY/DIV/DIV/DIV/DIV/DIV[4]/DIV/DIV[2]/DIV[2],(236*1473*85*186),(422*1254*85*186),1377
91,small-range,startbootstrap-stylish-portfolio,992px-995px,TP,TP,No,=HYPERLINK("file:///C:/Results/2020-05-29_05-18-32/ID_91-startbootstrap-stylish-portfolio-small-range-capture-992.pngID_91_small-range_startbootstrap-stylish-portfolio_992px_995px_TP_0.png"),=HYPERLINK("file:///C:/Results/2020-05-29_05-18-32/ID_91-startbootstrap-stylish-portfolio-small-range-capture-991.pngID_91_small-range_startbootstrap-stylish-portfolio_992px_995px_TP_1.png"),/HTML/BODY/SECTION[2]/DIV/DIV[2],/HTML/BODY/SECTION[2]/DIV/DIV[2]/DIV[2],(16*1689*401*960),(256*1689*212*240),29856
92,small-range,startbootstrap-stylish-portfolio,992px-995px,TP,TP,No,=HYPERLINK("file:///C:/Results/2020-05-29_05-18-32/ID_92-startbootstrap-stylish-portfolio-small-range-capture-992.pngID_92_small-range_startbootstrap-stylish-portfolio_992px_995px_TP_0.png"),=HYPERLINK("file:///C:/Results/2020-05-29_05-18-32/ID_92-startbootstrap-stylish-portfolio-small-range-capture-991.pngID_92_small-range_startbootstrap-stylish-portfolio_992px_995px_TP_1.png"),/HTML/BODY/SECTION[2]/DIV/DIV[2],/HTML/BODY/SECTION[2]/DIV/DIV[2]/DIV[3],(16*1689*401*960),(496*1689*212*240),10767
93,small-range,startbootstrap-stylish-portfolio,992px-995px,TP,TP,No,=HYPERLINK("file:///C:/Results/2020-05-29_05-18-32/ID_93-startbootstrap-stylish-portfolio-small-range-capture-992.pngID_93_small-range_startbootstrap-stylish-portfolio_992px_995px_TP_0.png"),=HYPERLINK("file:///C:/Results/2020-05-29_05-18-32/ID_93-startbootstrap-stylish-portfolio-small-range-capture-991.pngID_93_small-range_startbootstrap-stylish-portfolio_992px_995px_TP_1.png"),/HTML/BODY/SECTION[2]/DIV/DIV[2]/DIV[4],/HTML/BODY/SECTION[2]/DIV/DIV[2]/DIV[3],(316*1902*188*240),(496*1689*212*240),19499
94,small-range,startbootstrap-stylish-portfolio,992px-995px,TP,TP,No,=HYPERLINK("file:///C:/Results/2020-05-29_05-18-32/ID_94-startbootstrap-stylish-portfolio-small-range-capture-992.pngID_94_small-range_startbootstrap-stylish-portfolio_992px_995px_TP_0.png"),=HYPERLINK("file:///C:/Results/2020-05-29_05-18-32/ID_94-startbootstrap-stylish-portfolio-small-range-capture-991.pngID_94_small-range_startbootstrap-stylish-portfolio_992px_995px_TP_1.png"),/HTML/BODY/SECTION[2]/DIV/DIV[2]/DIV[4],/HTML/BODY/SECTION[2]/DIV/DIV[2]/DIV[2],(316*1902*188*240),(256*1689*212*240),6862
95,small-range,startbootstrap-stylish-portfolio,992px-995px,TP,TP,No,=HYPERLINK("file:///C:/Results/2020-05-29_05-18-32/ID_95-startbootstrap-stylish-portfolio-small-range-capture-992.pngID_95_small-range_startbootstrap-stylish-portfolio_992px_995px_TP_0.png"),=HYPERLINK("file:///C:/Results/2020-05-29_05-18-32/ID_95-startbootstrap-stylish-portfolio-small-range-capture-991.pngID_95_small-range_startbootstrap-stylish-portfolio_992px_995px_TP_1.png"),/HTML/BODY/SECTION[2]/DIV/DIV[2],/HTML/BODY/SECTION[2]/DIV/DIV[2]/DIV[4],(16*1689*401*960),(316*1902*188*240),12517
96,small-range,Tiiime,992px-995px,TP,TP,No,=HYPERLINK("file:///C:/Results/2020-05-29_05-18-32/ID_96-Tiiime-small-range-capture-992.pngID_96_small-range_Tiiime_992px_995px_TP_0.png"),=HYPERLINK("file:///C:/Results/2020-05-29_05-18-32/ID_96-Tiiime-small-range-capture-991.pngID_96_small-range_Tiiime_992px_995px_TP_1.png"),/HTML/BODY/DIV/DIV/DIV/DIV[2],/HTML/BODY/DIV/DIV/DIV/DIV[2]/DIV[3],(0*81*264*992),(841*214*132*108),11195
